{"cameraMode":{"drawMode":0,"name":"Shaded","section":"Shading Mode"},"sceneLighting":true,"audioPlay":false,"sceneViewState":{"showFog":true,"showMaterialUpdate":true,"showSkybox":true,"showFlares":true,"showImageEffects":true,"showParticleSystems":true},"in2DMode":false,"pivot":{"x":-8.64876937866211,"y":6.939697265625,"z":-2.49491024017334},"rotation":{"x":0.11230644583702088,"y":-0.8196380734443665,"z":0.17212888598442079,"w":0.5347532033920288},"size":60.498748779296878,"orthographic":false}