{"cameraMode":{"drawMode":0,"name":"Shaded","section":"Shading Mode"},"sceneLighting":true,"audioPlay":false,"sceneViewState":{"showFog":true,"showMaterialUpdate":true,"showSkybox":true,"showFlares":true,"showImageEffects":true,"showParticleSystems":true},"in2DMode":false,"pivot":{"x":-2.9045488834381105,"y":32.229591369628909,"z":-0.9299061894416809},"rotation":{"x":0.38086554408073428,"y":-0.5846434235572815,"z":0.6197033524513245,"w":0.35931870341300967},"size":10.0,"orthographic":false}