{"cameraMode":{"drawMode":0,"name":"Shaded","section":"Shading Mode"},"sceneLighting":true,"audioPlay":false,"sceneViewState":{"showFog":true,"showMaterialUpdate":true,"showSkybox":true,"showFlares":true,"showImageEffects":true,"showParticleSystems":true},"in2DMode":false,"pivot":{"x":-6.695188522338867,"y":13.099552154541016,"z":-6.279690265655518},"rotation":{"x":-0.002729273634031415,"y":-0.7942116856575012,"z":-0.003577091498300433,"w":0.6076318025588989},"size":23.855039596557618,"orthographic":false}